SynFutures,2021-05-31 21:11:16,"#Deepfake Maps Could Really Mess With Your Sense of the World

Researchers applied #AI techniques to make portionsâ€¦ https://t.co/suMIEWirRS",
DeepFakeNews1,2021-06-02 09:45:03,RT @ReImagineEuropa: Seeing is believing?ðŸ¤– Deepfakes and AI-generated content is becoming increasingly good at being perceived as legitimatâ€¦,
ReImagineEuropa,2021-06-02 09:33:01,Seeing is believing?ðŸ¤– Deepfakes and AI-generated content is becoming increasingly good at being perceived as legitiâ€¦ https://t.co/QcAkvJyMmG,
education_24x7,2021-06-01 18:03:29,"RT @SynFutures: #Deepfake Maps Could Really Mess With Your Sense of the World

Researchers applied #AI techniques to make portions of Seattâ€¦",
DeepFakeNews1,2021-06-01 16:15:03,RT @tlloydjones: Researchers experimented by applying #AI techniques to make portions of Seattle look more like Beijing. Such imagery couldâ€¦,
tlloydjones,2021-06-01 16:08:02,Researchers experimented by applying #AI techniques to make portions of Seattle look more like Beijing. Such imagerâ€¦ https://t.co/1FQLVwfYW3,
godfrey_G_,2021-05-31 21:47:36,"RT @SynFutures: #Deepfake Maps Could Really Mess With Your Sense of the World

Researchers applied #AI techniques to make portions of Seattâ€¦",
DeepFakeNews1,2021-05-31 21:15:02,"RT @SynFutures: #Deepfake Maps Could Really Mess With Your Sense of the World

Researchers applied #AI techniques to make portions of Seattâ€¦",
SynFutures,2021-05-31 21:11:16,"#Deepfake Maps Could Really Mess With Your Sense of the World

Researchers applied #AI techniques to make portionsâ€¦ https://t.co/suMIEWirRS",
